{"cameraMode":{"drawMode":0,"name":"Shaded","section":"Shading Mode"},"sceneLighting":false,"audioPlay":false,"sceneViewState":{"showFog":true,"showMaterialUpdate":false,"showSkybox":false,"showFlares":true,"showImageEffects":true,"showParticleSystems":true},"in2DMode":false,"pivot":{"x":62.310001373291019,"y":47.13999938964844,"z":5.96999979019165},"rotation":{"x":0.07155925780534744,"y":0.925850510597229,"z":-0.22393283247947694,"w":0.29586195945739748},"size":1.0426398515701295,"orthographic":false}