{"cameraMode":{"drawMode":0,"name":"Shaded","section":"Shading Mode"},"sceneLighting":true,"audioPlay":false,"sceneViewState":{"showFog":true,"showMaterialUpdate":false,"showSkybox":true,"showFlares":true,"showImageEffects":true,"showParticleSystems":true},"in2DMode":false,"pivot":{"x":91.9803237915039,"y":36.62643051147461,"z":-2.6199324131011965},"rotation":{"x":0.04225318133831024,"y":0.9575265645980835,"z":-0.19092194736003877,"w":0.21191151440143586},"size":11.406217575073243,"orthographic":false}