{"cameraMode":{"drawMode":0,"name":"Shaded","section":"Shading Mode"},"sceneLighting":true,"audioPlay":false,"sceneViewState":{"showFog":true,"showMaterialUpdate":false,"showSkybox":true,"showFlares":true,"showImageEffects":true,"showParticleSystems":true},"in2DMode":false,"pivot":{"x":-15.485099792480469,"y":6.4225921630859379,"z":-21.826488494873048},"rotation":{"x":0.029498737305402757,"y":0.9581223726272583,"z":-0.2639407217502594,"w":0.10708239674568176},"size":245.966552734375,"orthographic":false}