{"cameraMode":{"drawMode":0,"name":"Shaded","section":"Shading Mode"},"sceneLighting":true,"audioPlay":false,"sceneViewState":{"showFog":true,"showMaterialUpdate":false,"showSkybox":true,"showFlares":true,"showImageEffects":true,"showParticleSystems":true},"in2DMode":false,"pivot":{"x":81.88480377197266,"y":37.65909957885742,"z":-13.473394393920899},"rotation":{"x":0.07155925780534744,"y":0.925850510597229,"z":-0.22393283247947694,"w":0.29586195945739748},"size":8.227492332458496,"orthographic":false}