{"cameraMode":{"drawMode":0,"name":"Shaded","section":"Shading Mode"},"sceneLighting":true,"audioPlay":false,"sceneViewState":{"showFog":true,"showMaterialUpdate":false,"showSkybox":true,"showFlares":true,"showImageEffects":true,"showParticleSystems":true},"in2DMode":false,"pivot":{"x":25.65033531188965,"y":35.97474670410156,"z":-32.83241271972656},"rotation":{"x":0.03134851157665253,"y":-0.16860833764076234,"z":0.005365233402699232,"w":0.9851699471473694},"size":9.987850189208985,"orthographic":false}